Блок,Показатель,Значение / формула,Подсказка
День поставщика,Дата дня (введите),2026-09-18,Ячейка B2 — дата фильтра для QUERY ниже
День поставщика,Список заказов на дату,"=QUERY('Заказы'!A:R;""select A;C;D;E;F;J;K;Q where C = date '""&TEXT(B2;""yyyy-mm-dd"")&""' and I <> 'отменён' order by F"";1)",Вставьте на лист Сводка после импорта Заказов; при необходимости поправьте имя листа
Деньги,Выручка выполненных,"=SUMIF('Заказы'!I:I;""выполнен"";'Заказы'!J:J)",Сумма клиенту по статусу выполнен
Деньги,Закуп выполненных,"=SUMIF('Заказы'!I:I;""выполнен"";'Заказы'!K:K)",Сумма поставщику по статусу выполнен
Деньги,Маржа выполненных,=B5-B6,Выручка минус закуп (поправьте ссылки под ваши ячейки)
Деньги,Долг клиентов всего,"=SUMIF('Заказы'!I:I;""<>отменён"";'Заказы'!O:O)",Все неоплаченные остатки клиентов
Деньги,Долг поставщику всего,"=SUMIF('Заказы'!I:I;""<>отменён"";'Заказы'!P:P)",Сколько ещё должны поставщику
Деньги,Обороты наличка у поставщика,"=SUMIF('Платежи'!F:F;""наличка у поставщика"";'Платежи'!E:E)",Все платежи через нал (и от клиента и поставщику)
Деньги,Обороты на р/с,"=SUMIF('Платежи'!F:F;""на р/с"";'Платежи'!E:E)",Все платежи через расчётный счёт
